"","IntolUncert","Anhedonia","Anxiety","Decentering","Apathy.behav","Apathy.emot","Compul.checking","fa.method","initialTrainingType","task.data.type"
"1",0.00114025353625161,0.0116975094509011,0.00716620408094821,0.00504490329316791,0.0091600946804918,0.0116435290396948,0.00536269491531974,"Bartlett","TrainWithoutOtherClin","compoundTask_indivChoiceModel_noMood"
"2",0.00100731988189781,0.0110307240449233,0.00602152431980414,0.00637963666315115,0.0101565026028015,0.0133593399637625,0.00401852795957972,"nonweighted.sum","TrainWithoutOtherClin","compoundTask_indivChoiceModel_noMood"
"3",-0.000995066513391427,0.0143670421335219,0.0116279825695886,0.00168453282067306,0.00849623155530357,0.0144188035032978,0.00550014821549338,"Thurstone","TrainWithoutOtherClin","compoundTask_indivChoiceModel_noMood"
